review,date,category_hint
Delivery delays are getting worse every week.,7/2/2025,delivery
Package arrived damaged and very late.,7/3/2025,delivery
Shipping was delayed again without updates.,7/5/2025,delivery
Delivery experience was frustrating and unreliable.,7/7/2025,delivery
Late delivery ruined the experience completely.,7/10/2025,delivery
Tracking system was inaccurate and confusing.,7/12/2025,delivery
Delivery delays are unacceptable now.,7/14/2025,delivery
Package arrived broken due to poor shipping.,7/18/2025,delivery
Shipping support gave no useful information.,7/21/2025,delivery
Delivery times are becoming a serious issue.,7/25/2025,delivery
Customer support never responded to my complaint.,8/1/2025,support
Support team was rude and dismissive.,8/3/2025,support
Customer service kept transferring my request.,8/5/2025,support
Support response time is painfully slow.,8/7/2025,support
The helpdesk ignored my issue completely.,8/10/2025,support
Customer service was frustrating to deal with.,8/12/2025,support
Support agents lacked product knowledge.,8/15/2025,support
No resolution was provided by support staff.,8/18/2025,support
Support experience keeps getting worse.,8/22/2025,support
Customer service quality is unacceptable.,8/27/2025,support
The product is overpriced for its quality.,9/2/2025,pricing
Prices increased too much this month.,9/4/2025,pricing
The discounts disappeared and costs are higher.,9/7/2025,pricing
Too expensive compared to competitors now.,9/10/2025,pricing
Pricing feels unfair and misleading.,9/12/2025,pricing
The subscription cost is no longer justified.,9/15/2025,pricing
Recent pricing changes are disappointing.,9/18/2025,pricing
Value for money has dropped significantly.,9/22/2025,pricing
Hidden fees are making this frustrating.,9/25/2025,pricing
Pricing strategy is hurting customer trust.,9/28/2025,pricing
The product broke after only two days.,10/2/2025,quality
Material quality feels extremely cheap now.,10/4/2025,quality
Build quality has declined badly.,10/7/2025,quality
The device stopped working unexpectedly.,10/10/2025,quality
Quality control seems nonexistent recently.,10/12/2025,quality
Product durability is terrible now.,10/15/2025,quality
The item feels poorly manufactured.,10/18/2025,quality
Components failed after light usage.,10/22/2025,quality
Quality issues are becoming common.,10/25/2025,quality
The product feels unreliable and fragile.,10/29/2025,quality
Recent updates improved delivery speed a lot.,11/2/2025,delivery
Customer support solved my issue quickly.,11/4/2025,support
Pricing finally feels more reasonable.,11/6/2025,pricing
The product quality has improved noticeably.,11/8/2025,quality
Shipping updates are now accurate and helpful.,11/10/2025,delivery
Support staff were professional and efficient.,11/12/2025,support
Recent discounts provided great value.,11/15/2025,pricing
Build quality feels premium again.,11/18/2025,quality
Delivery arrived earlier than expected.,11/21/2025,delivery
Customer service experience was excellent.,11/24/2025,support
Pricing is competitive again.,11/26/2025,pricing
The latest product version feels durable.,11/28/2025,quality